{   
    "crop":"Xén Thành Phẩm",
    "soles_size":"Kích Thước Đế",
    "finished_size":"Khổ Thành Phẩm",
    "roll":"Cán Nilon",
    "num_face":"Số Mặt Cán",
    "elevated_frame":"Khuôn Bế",
    "compress_frame":"Khuôn Ép Nhũ",
    "push_frame":"Khuôn Thúc Nổi",
    "soles_fill":"Đế Bồi",
    "emul_color":"Màu Nhũ",
    "soles_roll":"Cán Đế",
    "finished_style":"Thành Phẩm(Lò xo, nẹp,..)",
    "finished_type":"Loại Thành Phẩm(Đóng gói hoặc bỏ thùng)",
    "pin":"Ghim Lồng",
    "glue":"Keo Gáy",
    "elevated":"Bế",
    "compress":"Ép Nhũ",
    "jump":"Số Nhảy",
    "fill":"Bồi",
    "stamp":"Dập Nổi",
    "grooved":"Phay - Sẻ Rãnh",
    "finish":"GC Thành Phẩm",
    "fold":"Gấp Máy",
    "sew":"Khâu Chỉ",
    "sawing":"Bế Răng Cưa"
}